id,kind,engine,block,scale,inputFrames,startPad,startDelay,rawFrames,alignedFrames,durationError,leftTarget,leftMeasured,rightTarget,rightMeasured,leftTargetAmp,rightTargetAmp,rms,peak,p50Ns,p99Ns,p999Ns,maxNs,over60,over80,over100,cppNew,cppDelete,impulseOnsetOffset,impulsePeakOffset,identityRmsDiff,identityCorrelation
R2-b64-tone55-p0.50,stereo_independent_tones,R2,64,0.5,288000,512,1024,288512,287488,-512,27.5,28.95,34.375,39.7125,0.175149,0.0731724,0.326756,0.558137,85100,502300,1.059e+06,1.9633e+06,8,4,2,0,0,0,0,0,0
R2-b64-tone55-p0.25,stereo_independent_tones,R2,64,0.25,288000,256,1024,288256,287232,-768,13.75,13.08,17.1875,13.7475,0.113667,0.00793244,0.23355,0.540637,312100,606800,883300,1.1875e+06,7,3,0,0,0,0,0,0,0
R2-b128-tone55-p0.50,stereo_independent_tones,R2,128,0.5,288000,512,1024,288512,287488,-512,27.5,28.95,34.375,39.7125,0.175149,0.0731724,0.326756,0.558137,330500,607100,1.2392e+06,2.2979e+06,1,1,0,0,0,0,0,0,0
R2-b128-tone55-p0.25,stereo_independent_tones,R2,128,0.25,288000,256,1024,288256,287232,-768,13.75,13.08,17.1875,13.7475,0.113667,0.00793244,0.233555,0.540637,643700,2.3021e+06,8.8877e+06,3.78212e+07,49,27,19,0,0,0,0,0,0
R2-b256-tone55-p0.50,stereo_independent_tones,R2,256,0.5,288000,512,1024,288512,287488,-512,27.5,28.95,34.375,39.7125,0.175149,0.0731724,0.326775,0.558137,553700,1.2342e+06,2.9188e+06,3.1442e+06,0,0,0,0,0,0,0,0,0
R2-b256-tone55-p0.25,stereo_independent_tones,R2,256,0.25,288000,256,1024,288256,287232,-768,13.75,13.08,17.1875,13.7475,0.113667,0.00793244,0.233559,0.540637,1.0601e+06,2.3875e+06,4.1469e+06,4.8249e+06,6,1,0,0,0,0,0,0,0
R3-b64-tone55-p0.50,stereo_independent_tones,R3,64,0.5,288000,1024,2048,293378,291330,3330,27.5,27.51,34.375,39.2525,0.554807,0.0372562,0.339527,0.562407,63900,1.2553e+06,2.2595e+06,2.10802e+07,393,139,29,0,0,0,0,0,0
R3-b64-tone55-p0.25,stereo_independent_tones,R3,64,0.25,288000,512,2048,292608,290560,2560,13.75,13.75,17.1875,17.4575,0.505321,0.000539118,0.312805,0.505902,336800,1.5885e+06,3.472e+06,2.55305e+07,892,344,128,0,0,0,0,0,0
R3-b128-tone55-p0.50,stereo_independent_tones,R3,128,0.5,288000,1024,2048,293377,291329,3329,27.5,27.51,34.375,39.2525,0.554807,0.03735,0.339525,0.562439,858900,1.9426e+06,3.7588e+06,2.70687e+07,81,15,5,0,0,0,0,0,0
R3-b128-tone55-p0.25,stereo_independent_tones,R3,128,0.25,288000,512,2048,292608,290560,2560,13.75,13.75,17.1875,17.4575,0.505321,0.000539118,0.312805,0.505902,1.4979e+06,4.1672e+06,7.3075e+06,2.88439e+07,839,182,77,0,0,0,0,0,0
R3-b256-tone55-p0.50,stereo_independent_tones,R3,256,0.5,288000,1024,2048,293344,291296,3296,27.5,27.49,34.375,39.2525,0.554806,0.0367854,0.339546,0.562108,1.6295e+06,3.4865e+06,8.9154e+06,3.41421e+07,28,5,2,0,0,0,0,0,0
R3-b256-tone55-p0.25,stereo_independent_tones,R3,256,0.25,288000,512,2048,292608,290560,2560,13.75,13.75,17.1875,17.4575,0.505321,0.000539118,0.312805,0.505902,3.0023e+06,5.9084e+06,1.73385e+07,2.49044e+07,447,63,18,0,0,0,0,0,0
R2-b64-tone110-p0.50,stereo_independent_tones,R2,64,0.5,288000,512,1024,288512,287488,-512,55,48.46,68.75,75.955,0.0135601,0.0127418,0.322715,0.577621,92500,609000,4.0136e+06,9.1676e+06,24,16,12,0,0,0,0,0,0
R2-b64-tone110-p0.25,stereo_independent_tones,R2,64,0.25,288000,256,1024,288256,287232,-768,27.5,28.83,34.375,29.7125,0.0107603,0.0509862,0.273403,0.54084,314700,655900,940600,1.6347e+06,15,1,1,0,0,0,0,0,0
R2-b128-tone110-p0.50,stereo_independent_tones,R2,128,0.5,288000,512,1024,288512,287488,-512,55,48.46,68.75,75.955,0.0135601,0.0127418,0.322715,0.577621,297800,539700,812600,970600,0,0,0,0,0,0,0,0,0
R2-b128-tone110-p0.25,stereo_independent_tones,R2,128,0.25,288000,256,1024,288256,287232,-768,27.5,28.83,34.375,29.7125,0.0107603,0.0509862,0.273408,0.54084,618200,1.5179e+06,3.9367e+06,4.9357e+06,19,11,9,0,0,0,0,0,0
R2-b256-tone110-p0.50,stereo_independent_tones,R2,256,0.5,288000,512,1024,288512,287488,-512,55,48.46,68.75,75.955,0.0135601,0.0127418,0.322839,0.577621,567200,1.0949e+06,1.5396e+06,2.7345e+06,0,0,0,0,0,0,0,0,0
R2-b256-tone110-p0.25,stereo_independent_tones,R2,256,0.25,288000,256,1024,288256,287232,-768,27.5,28.83,34.375,29.7125,0.0107603,0.0509862,0.273407,0.54084,1.0626e+06,2.3739e+06,4.0235e+06,4.3006e+06,2,1,0,0,0,0,0,0,0
R3-b64-tone110-p0.50,stereo_independent_tones,R3,64,0.5,288000,1024,2048,293378,291330,3330,55,55,68.75,68.755,0.553543,0.432775,0.348989,0.553934,55500,1.1907e+06,1.514e+06,1.87772e+07,300,87,11,0,0,0,0,0,0
R3-b64-tone110-p0.25,stereo_independent_tones,R3,64,0.25,288000,512,2048,292608,290560,2560,27.5,27.51,34.375,34.3725,0.550476,0.429455,0.347319,0.550536,317700,1.3512e+06,2.986e+06,2.47559e+07,534,189,52,0,0,0,0,0,0
R3-b128-tone110-p0.50,stereo_independent_tones,R3,128,0.5,288000,1024,2048,293377,291329,3329,55,55,68.75,68.755,0.553543,0.432775,0.348989,0.554035,647600,1.2403e+06,1.4769e+06,1.73067e+07,1,1,1,0,0,0,0,0,0
R3-b128-tone110-p0.25,stereo_independent_tones,R3,128,0.25,288000,512,2048,292608,290560,2560,27.5,27.51,34.375,34.3725,0.550476,0.429455,0.347319,0.550536,913300,2.3165e+06,6.0928e+06,1.7788e+07,190,37,15,0,0,0,0,0,0
R3-b256-tone110-p0.50,stereo_independent_tones,R3,256,0.5,288000,1024,2048,293344,291296,3296,55,55,68.75,68.755,0.553543,0.432775,0.349008,0.554031,1.3099e+06,3.1578e+06,8.0372e+06,1.89952e+07,11,6,5,0,0,0,0,0,0
R3-b256-tone110-p0.25,stereo_independent_tones,R3,256,0.25,288000,512,2048,292608,290560,2560,27.5,27.51,34.375,34.3725,0.550476,0.429455,0.347319,0.550536,1.6788e+06,3.2772e+06,4.785e+06,2.04506e+07,14,2,1,0,0,0,0,0,0
R2-b64-tone220-p0.50,stereo_independent_tones,R2,64,0.5,288000,512,1024,288512,287488,-512,110,96.95,137.5,145.73,0.0385122,0.0620882,0.279311,0.589217,68300,476800,690600,3.1598e+06,4,3,1,0,0,0,0,0,0
R2-b64-tone220-p0.25,stereo_independent_tones,R2,64,0.25,288000,256,1024,288256,287232,-768,55,44.75,68.75,81.105,0.0182646,0.00726183,0.246797,0.557713,311700,622300,908600,1.3079e+06,7,3,0,0,0,0,0,0,0
R2-b128-tone220-p0.50,stereo_independent_tones,R2,128,0.5,288000,512,1024,288512,287488,-512,110,96.95,137.5,145.73,0.0385122,0.0620882,0.279311,0.589217,293700,507500,703600,918200,0,0,0,0,0,0,0,0,0
R2-b128-tone220-p0.25,stereo_independent_tones,R2,128,0.25,288000,256,1024,288256,287232,-768,55,44.75,68.75,81.105,0.0182646,0.00726183,0.246799,0.557713,596600,1.1923e+06,6.7143e+06,8.6043e+06,9,7,7,0,0,0,0,0,0
R2-b256-tone220-p0.50,stereo_independent_tones,R2,256,0.5,288000,512,1024,288512,287488,-512,110,96.95,137.5,145.73,0.0385122,0.0620882,0.279725,0.589217,672700,2.2392e+06,6.0229e+06,6.2043e+06,5,3,3,0,0,0,0,0,0
R2-b256-tone220-p0.25,stereo_independent_tones,R2,256,0.25,288000,256,1024,288256,287232,-768,55,44.75,68.75,81.105,0.0182646,0.00726183,0.246799,0.557713,1.1496e+06,4.5823e+06,6.446e+06,1.11005e+07,21,12,3,0,0,0,0,0,0
R3-b64-tone220-p0.50,stereo_independent_tones,R3,64,0.5,288000,1024,2048,293378,291330,3330,110,110.01,137.5,137.5,0.553548,0.432773,0.349007,0.553755,62200,1.256e+06,2.1459e+06,2.56167e+07,415,168,31,0,0,0,0,0,0
R3-b64-tone220-p0.25,stereo_independent_tones,R3,64,0.25,288000,512,2048,292608,290560,2560,55,55,68.75,68.745,0.54922,0.429396,0.346807,0.549421,553900,2.2083e+06,9.1917e+06,3.4048e+07,1522,893,522,0,0,0,0,0,0
R3-b128-tone220-p0.50,stereo_independent_tones,R3,128,0.5,288000,1024,2048,293377,291329,3329,110,110.01,137.5,137.5,0.553548,0.432773,0.349006,0.553744,752000,1.9681e+06,5.6832e+06,2.00991e+07,77,15,12,0,0,0,0,0,0
R3-b128-tone220-p0.25,stereo_independent_tones,R3,128,0.25,288000,512,2048,292608,290560,2560,55,55,68.75,68.745,0.54922,0.429396,0.346807,0.549421,891500,1.9778e+06,3.1338e+06,2.0677e+07,100,11,3,0,0,0,0,0,0
R3-b256-tone220-p0.50,stereo_independent_tones,R3,256,0.5,288000,1024,2048,293344,291296,3296,110,110.01,137.5,137.5,0.553548,0.432773,0.349023,0.553714,1.3219e+06,3.6618e+06,6.1365e+06,2.17149e+07,19,7,3,0,0,0,0,0,0
R3-b256-tone220-p0.25,stereo_independent_tones,R3,256,0.25,288000,512,2048,292608,290560,2560,55,55,68.75,68.745,0.54922,0.429396,0.346807,0.549421,2.1949e+06,5.8743e+06,1.24126e+07,1.9846e+07,160,38,16,0,0,0,0,0,0
R2-b64-tone880-p0.50,stereo_independent_tones,R2,64,0.5,288000,512,1024,288512,287488,-512,440,439.99,550,550,0.544793,0.425835,0.346018,0.580791,77000,479900,665500,1.6975e+06,2,2,2,0,0,0,0,0,0
R2-b64-tone880-p0.25,stereo_independent_tones,R2,64,0.25,288000,256,1024,288256,287232,-768,220,220,275,275,0.545773,0.425673,0.346415,0.634535,332000,679500,1.0102e+06,2.5145e+06,17,4,3,0,0,0,0,0,0
R2-b128-tone880-p0.50,stereo_independent_tones,R2,128,0.5,288000,512,1024,288512,287488,-512,440,439.99,550,550,0.544793,0.425835,0.346018,0.580791,313800,577900,835200,1.019e+06,0,0,0,0,0,0,0,0,0
R2-b128-tone880-p0.25,stereo_independent_tones,R2,128,0.25,288000,256,1024,288256,287232,-768,220,220,275,275,0.545773,0.425673,0.346421,0.634535,673100,1.6849e+06,6.1293e+06,1.51296e+07,27,8,5,0,0,0,0,0,0
R2-b256-tone880-p0.50,stereo_independent_tones,R2,256,0.5,288000,512,1024,288512,287488,-512,440,439.99,550,550,0.544793,0.425835,0.346001,0.690465,645100,1.203e+06,2.6001e+06,4.0527e+06,1,0,0,0,0,0,0,0,0
R2-b256-tone880-p0.25,stereo_independent_tones,R2,256,0.25,288000,256,1024,288256,287232,-768,220,220,275,275,0.545773,0.425673,0.346441,0.634535,1.2933e+06,2.4686e+06,9.6839e+06,1.18741e+07,6,3,3,0,0,0,0,0,0
R3-b64-tone880-p0.50,stereo_independent_tones,R3,64,0.5,288000,1024,2048,293378,291330,3330,440,439.99,550,550,0.553544,0.432774,0.348746,0.553752,76400,1.5183e+06,2.1783e+06,1.92719e+07,409,230,85,0,0,0,0,0,0
R3-b64-tone880-p0.25,stereo_independent_tones,R3,64,0.25,288000,512,2048,292608,290560,2560,220,220,275,275,0.549227,0.429396,0.346813,0.549349,403900,1.5441e+06,4.6076e+06,2.13303e+07,759,321,94,0,0,0,0,0,0
R3-b128-tone880-p0.50,stereo_independent_tones,R3,128,0.5,288000,1024,2048,293377,291329,3329,440,439.99,550,550,0.553545,0.432774,0.348752,0.553755,768000,1.9241e+06,2.7749e+06,3.13708e+07,74,9,3,0,0,0,0,0,0
R3-b128-tone880-p0.25,stereo_independent_tones,R3,128,0.25,288000,512,2048,292608,290560,2560,220,220,275,275,0.549227,0.429396,0.346813,0.549349,802800,3.6461e+06,1.53944e+07,2.35635e+07,131,61,40,0,0,0,0,0,0
R3-b256-tone880-p0.50,stereo_independent_tones,R3,256,0.5,288000,1024,2048,293344,291296,3296,440,439.99,550,550,0.553544,0.432774,0.348773,0.553744,1.3831e+06,2.9666e+06,3.4445e+06,2.49768e+07,4,1,1,0,0,0,0,0,0
R3-b256-tone880-p0.25,stereo_independent_tones,R3,256,0.25,288000,512,2048,292608,290560,2560,220,220,275,275,0.549227,0.429396,0.346813,0.549349,1.9426e+06,4.6972e+06,1.30667e+07,2.62481e+07,101,17,5,0,0,0,0,0,0
R2-b64-tone220-p1.00,identity_stereo_tone,R2,64,1,288000,1024,1024,289024,288000,0,220,220,275,275,0.55,0.43,0.349172,0.614273,200,253500,417900,740000,0,0,0,0,0,0,0,8.54439e-08,1
R2-b128-tone220-p1.00,identity_stereo_tone,R2,128,1,288000,1024,1024,289024,288000,0,220,220,275,275,0.55,0.43,0.349172,0.614273,400,393000,1.0967e+06,1.6499e+06,2,0,0,0,0,0,0,8.54439e-08,1
R2-b256-tone220-p1.00,identity_stereo_tone,R2,256,1,288000,1024,1024,289024,288000,0,220,220,275,275,0.55,0.43,0.349172,0.614273,6300,273100,430100,436900,0,0,0,0,0,0,0,8.54439e-08,1
R3-b64-tone220-p1.00,identity_stereo_tone,R3,64,1,288000,2048,2048,294144,292096,4096,220,220,275,275,0.55,0.43,0.346523,0.553708,700,1.6832e+06,3.3877e+06,4.01439e+07,707,411,138,0,0,0,0,0.000338905,0.999999
R3-b128-tone220-p1.00,identity_stereo_tone,R3,128,1,288000,2048,2048,294144,292096,4096,220,220,275,275,0.55,0.43,0.346523,0.553708,9900,2.4055e+06,5.9446e+06,2.1656e+07,97,38,19,0,0,0,0,0.000338905,0.999999
R3-b256-tone220-p1.00,identity_stereo_tone,R3,256,1,288000,2048,2048,294144,292096,4096,220,220,275,275,0.55,0.43,0.346523,0.553708,588500,1.1097e+06,1.3956e+06,1.62152e+07,1,1,1,0,0,0,0,0.000338905,0.999999
R2-b64-impulse-offset-9600-p1.00,stereo_impulse_identity_latency,R2,64,1,144000,1024,1024,145024,144000,0,0,0,0,0,0,0,0.0017994,0.9,100,84300,113800,154500,0,0,0,0,0,0,-1024,0,0
R2-b128-impulse-offset-9600-p1.00,stereo_impulse_identity_latency,R2,128,1,144000,1024,1024,145024,144000,0,0,0,0,0,0,0,0.0017994,0.9,300,189100,272600,3.3269e+06,1,1,1,0,0,0,-1024,0,0
R2-b256-impulse-offset-9600-p1.00,stereo_impulse_identity_latency,R2,256,1,144000,1024,1024,145024,144000,0,0,0,0,0,0,0,0.0017994,0.9,4100,285200,925700,925700,0,0,0,0,0,0,-1024,0,0
R3-b64-impulse-offset-9600-p1.00,stereo_impulse_identity_latency,R3,64,1,144000,2048,2048,150272,148224,4224,0,0,0,0,0,0,0.00177207,0.898011,500,1.1092e+06,1.6172e+06,1.83748e+07,155,30,9,0,0,0,-2048,0,0
R3-b128-impulse-offset-9600-p1.00,stereo_impulse_identity_latency,R3,128,1,144000,2048,2048,150272,148224,4224,0,0,0,0,0,0,0.00177207,0.898011,3300,833400,1.1118e+06,2.57369e+07,1,1,1,0,0,0,-2048,0,0
R3-b256-impulse-offset-9600-p1.00,stereo_impulse_identity_latency,R3,256,1,144000,2048,2048,150272,148224,4224,0,0,0,0,0,0,0.00177207,0.898011,838100,1.9548e+06,2.29203e+07,2.29203e+07,2,2,2,0,0,0,-2048,0,0
R2-b64-gated-transient-3s-p0.50,gated_tones_and_transients,R2,64,0.5,144000,512,1024,144512,143488,-512,0,0,0,0,0,0,0.140074,0.614562,89200,487300,840900,2.0833e+06,4,1,1,0,0,0,0,0,0
R2-b64-gated-transient-3s-p0.25,gated_tones_and_transients,R2,64,0.25,144000,256,1024,144256,143232,-768,0,0,0,0,0,0,0.186218,0.61342,213000,643000,1.4427e+06,1.9284e+06,16,10,6,0,0,0,0,0,0
R2-b128-gated-transient-3s-p0.50,gated_tones_and_transients,R2,128,0.5,144000,512,1024,144512,143488,-512,0,0,0,0,0,0,0.140074,0.614562,224700,684400,1.4998e+06,1.5918e+06,0,0,0,0,0,0,0,0,0
R2-b128-gated-transient-3s-p0.25,gated_tones_and_transients,R2,128,0.25,144000,256,1024,144256,143232,-768,0,0,0,0,0,0,0.186218,0.61342,435400,1.033e+06,1.1872e+06,2.9752e+06,1,1,1,0,0,0,0,0,0
R2-b256-gated-transient-3s-p0.50,gated_tones_and_transients,R2,256,0.5,144000,512,1024,144512,143488,-512,0,0,0,0,0,0,0.140074,0.614562,670000,1.8014e+06,3.2586e+06,3.2586e+06,1,0,0,0,0,0,0,0,0
R2-b256-gated-transient-3s-p0.25,gated_tones_and_transients,R2,256,0.25,144000,256,1024,144256,143232,-768,0,0,0,0,0,0,0.186218,0.61342,1.2671e+06,2.3445e+06,3.4219e+06,3.4219e+06,2,1,0,0,0,0,0,0,0
R3-b64-gated-transient-3s-p0.50,gated_tones_and_transients,R3,64,0.5,144000,1024,2048,149310,147262,3262,0,0,0,0,0,0,0.236712,0.590423,105500,2.6234e+06,7.703e+06,4.47108e+07,580,353,175,0,0,0,0,0,0
R3-b64-gated-transient-3s-p0.25,gated_tones_and_transients,R3,64,0.25,144000,512,2048,148608,146560,2560,0,0,0,0,0,0,0.235125,0.581681,339100,1.6667e+06,4.2792e+06,3.56809e+07,709,381,118,0,0,0,0,0,0
R3-b128-gated-transient-3s-p0.50,gated_tones_and_transients,R3,128,0.5,144000,1024,2048,149272,147224,3224,0,0,0,0,0,0,0.236741,0.590509,1.0069e+06,2.2059e+06,3.7913e+06,2.58465e+07,76,13,5,0,0,0,0,0,0
R3-b128-gated-transient-3s-p0.25,gated_tones_and_transients,R3,128,0.25,144000,512,2048,148608,146560,2560,0,0,0,0,0,0,0.235125,0.581681,1.3187e+06,2.9664e+06,4.1094e+06,3.51832e+07,271,55,19,0,0,0,0,0,0
R3-b256-gated-transient-3s-p0.50,gated_tones_and_transients,R3,256,0.5,144000,1024,2048,149276,147228,3228,0,0,0,0,0,0,0.236738,0.590524,1.6234e+06,3.9426e+06,3.64228e+07,3.64228e+07,18,5,3,0,0,0,0,0,0
R3-b256-gated-transient-3s-p0.25,gated_tones_and_transients,R3,256,0.25,144000,512,2048,148608,146560,2560,0,0,0,0,0,0,0.235125,0.581681,3.2542e+06,7.8489e+06,3.39801e+07,3.39801e+07,299,76,27,0,0,0,0,0,0
