class,candidates,native_winner,browser_winner,why,test_status
Static EQ/filter,RBJ DF2T; TPT SVF,RBJ DF2T for static EQ; TPT for modulated filters,same in WASM,"zero algorithmic delay, stable, lowest complexity; TPT survives rapid modulation",local Native + V8-WASM kernel benchmark
Fractional delay,linear; Catmull-Rom; Lagrange3; sinc8,Lagrange3 moving; sinc8 static,Lagrange3 moving; sinc8 offline/static,sinc8 lowest objective error; Lagrange3 nearly halves linear error at tiny cost,local sweep + Native + V8-WASM benchmark
Nonlinear anti-alias,1x naive; ADAA1; 2x OS; 4x OS,4x OS + WDF/ADAA,2x OS + ADAA/WDF,large alias reduction; browser chooses 2x to preserve multi-track headroom,local coherent-tone alias test + kernel benchmark
Dynamics,peak; RMS; dual detector; lookahead,peak/RMS dual detector + soft knee + optional 0.5–2ms lookahead,same without lookahead by default,transparent control with bounded cost,local kernel benchmark; listening still required
Reverb,Schroeder 4C2A; FDN8; FDN16; convolution,early FIR + modulated FDN16; convolution HQ only,early FIR + FDN8,FDN reaches dense tail much sooner; convolution costs latency/memory,local impulse/echo-density and Native/V8-WASM benchmark
Monophonic pitch/harmony,resampling; WSOLA; TD-PSOLA; phase vocoder,YIN/pYIN + TD-PSOLA + LPC/formant,decimated YIN + PSOLA-lite,lowest live latency with explicit formant control when F0 is reliable,source/algorithm evidence; target-device benchmark pending
Polyphonic pitch/time,Signalsmith; Rubber Band R2/R3; generic phase vocoder,R3 short or R2 HQ for measured live option; R3 standard HQ; Signalsmith split route to benchmark,"Signalsmith official WASM/AudioWorklet, cheaper/default by admission test",measured Rubber Band trade-off; Signalsmith has maintained C++ and WebAudio path,"Rubber Band locally measured; Signalsmith source inspected, not locally timed"
Vocoder,8/16/24-band filterbank; STFT,24-band ERB TPT + optional STFT HQ,"16-band default, 24-band after admission test",filterbank has zero block latency; band count controls intelligibility/cost,design recommendation; listening and speech-intelligibility tests pending
Rhythm playback,per-hit AudioBufferSourceNode; Worklet mixer; native voice pool,callback voice pool + absolute sample clock,single Worklet/WASM voice pool + current frame counter,sample accuracy and no node/GC storms,architecture evidence; end-to-end jitter test pending
