index,effect,available_as_input_fx,available_as_track_fx,family,functional_algorithm,native_balanced_choice,browser_balanced_choice,formula_ids,algorithmic_latency,evidence_status
1,LPF,yes,yes,Filter,TPT state-variable low-pass; parameter-smoothed cutoff/Q,"TPT-SVF, scalar/SIMD stereo; optional 2x control-rate coefficient update",WASM TPT-SVF inside one AudioWorklet; update coefficients per 8–16 samples,"F01,F03",0 samples,Official function; implementation topology is a reconstruction
2,BPF,yes,yes,Filter,TPT state-variable band-pass,TPT-SVF BP output,Same WASM TPT-SVF BP output,"F01,F03",0 samples,Official function; reconstructed topology
3,HPF,yes,yes,Filter,TPT state-variable high-pass,TPT-SVF HP output,Same WASM TPT-SVF HP output,"F01,F03",0 samples,Official function; reconstructed topology
4,PHASER,yes,yes,Modulation,4/8/12 cascaded first-order all-pass sections; dual opposing sweeps for BI-PHASE,"8–12 all-pass stages, oversampled coefficient modulation, feedback saturation",4–8 stages default; 12 stages only after runtime admission test,"F01,F04,F06",0 samples,Stage choices follow official parameters; coefficients/topology reconstructed
5,FLANGER,yes,yes,Modulated delay,"0.2–10 ms fractional delay with LFO, feedback and optional through-zero offset",4-point Lagrange fractional delay; filtered/saturated feedback,4-point Lagrange in WASM; cap feedback and voices under load,"F01,F05,F06,F14",<1 sample interpolation; audible delay is intentional,Functional reconstruction
6,SYNTH,yes,yes,Pitch/synthesis,Onset/envelope follower + monophonic F0 tracker + polyBLEP oscillator/sub oscillator + resonant filter,YIN/pYIN tracker; polyBLEP oscillators; TPT ladder/SVF,YIN at decimated control rate; polyBLEP + TPT-SVF in WASM,"F03,F06,F10,F27",Tracker frame 5–20 ms,Official macro parameters known; synth topology inferred
7,LO-FI,yes,yes,Lo-fi,"Sample-rate hold, bit-depth quantization, optional post low-pass",Integer/fractional sample hold + TPDF dithered quantizer,Same; extremely cheap in WASM,F28,0 samples,Functional reconstruction
8,RADIO,yes,yes,Lo-fi,Band-limit + static/nonlinear saturation + noise/dropout,HPF/LPF biquads + 2x ADAA waveshaper + colored noise,TPT/biquad + ADAA at 1x or 2x depending device tier,"F02,F07,F28",0–16 samples if oversampled,Functional reconstruction
9,RING.MOD,yes,yes,Modulation,Four-quadrant multiplication by sine/triangle carrier,Quadrature recursive oscillator; optional DC blocking,Same in WASM; AudioParam only supplies smoothed control values,"F01,F06,F29",0 samples,Standard ring-mod reconstruction
10,G2B,yes,yes,Pitch,Monophonic tracking + octave-down resynthesis/divider blend + formant/body filtering,"YIN + TD-PSOLA at -12 semitones, blended with square-wave divider and body EQ",YIN decimated + WSOLA/PSOLA-lite; quality tier can disable divider blend,"F09,F10,F11",5–20 ms,Guitar-to-bass function official; exact topology inferred
11,SUSTAINER,yes,yes,Dynamics,"Upward/downward compression, noise gate and safety limiter",Dual detector feed-forward compressor; 1 ms lookahead limiter,No lookahead by default; optional 0.5 ms lookahead in WASM ring buffer,"F01,F08",0–1 ms,Functional reconstruction
12,AUTO RIFF,yes,yes,Pitch/sequencer,"Detect F0/onsets, quantize to scale, drive rhythm-locked pitch sequence",YIN/pYIN + onset detector + TD-PSOLA/phase-vocoder voice,Decimated YIN + cheaper WSOLA/Signalsmith Web tier,"F09,F10,F11,F12,F20,F27",10–40 ms,Pattern behavior official; internal note extraction inferred
13,SLOW GEAR,yes,yes,Envelope,Onset-triggered attack envelope that suppresses pick transient,Spectral-flux/energy onset detector + exponential or raised-cosine ramp,Block energy onset detector + raised-cosine ramp,"F01,F27",0 samples; attack is intentional,Functional reconstruction
14,TRANSPOSE,yes,yes,Pitch,Constant-ratio pitch shift with optional formant compensation,Polyphonic: Signalsmith/Rubber Band; monophonic: YIN + TD-PSOLA,Signalsmith Web WASM/AudioWorklet; cheaper preset under pressure,"F09,F10,F11,F12",Native 14–43 ms for tested Rubber Band modes; browser device-dependent,Function official; algorithm selected by material
15,PITCH BEND,yes,yes,Pitch,Time-varying semitone envelope into streaming pitch shifter/resampler,Monophonic PSOLA for voice; Signalsmith for polyphonic content; smooth bend trajectory,Signalsmith Web cheaper/default tier; clamp derivative to avoid zippering,"F01,F09,F11,F12",Algorithm dependent,Functional reconstruction
16,ROBOT,yes,yes,Voice,Force F0 to fixed/quantized pitch while retaining or shifting formants,YIN + PSOLA fixed period; phase-vocoder fallback for polyphonic/unstable F0,PSOLA-lite with voiced/unvoiced gate; fallback granular vocoder,"F09,F10,F11,F12",10–30 ms,Functional reconstruction
17,ELECTRIC,yes,yes,Voice character,Hard pitch quantization plus metallic ring/vocoder/bit-crush macro,Pitch snap + ring modulation + formant/filter macro; scene presets,Same modules with one active character path at a time,"F03,F09,F10,F13,F28,F29",10–30 ms,Exact Roland topology is not public; this is a perceptual reconstruction
18,HRM MANUAL,yes,yes,Harmony,One or more fixed-interval pitch-shift voices with formant and pan control,YIN + TD-PSOLA per voice; phase-vocoder/Signalsmith fallback,Maximum two live harmony voices by default; Signalsmith/PSOLA WASM,"F09,F10,F11,F12,F21",10–40 ms,Functional reconstruction
19,HRM AUTO (M),yes,yes,Harmony/MIDI,"MIDI chord/note parsing, voice assignment, diatonic interval selection and pitch shifts",Lock-free MIDI event queue + PSOLA/Signalsmith voices,Timestamped MIDI messages delivered to AudioWorklet; 1–2 voices,"F09,F11,F12,F20,F21",Pitch engine dependent,MIDI-based behavior is official; voicing algorithm reconstructed
20,VOCODER,yes,yes,Vocoder,"ERB/log-spaced analysis filterbank, envelope followers and carrier synthesis",24-band TPT filterbank; 1024/256 STFT mode for HQ,16-band TPT default; 24-band only if admission test passes,"F01,F03,F13",Filterbank 0 samples; STFT mode ~16 ms,Standard vocoder reconstruction
21,OSC VOC (M),yes,yes,Vocoder/MIDI,MIDI-controlled anti-aliased oscillator carrier through vocoder analysis envelopes,"PolyBLEP saw/square, 24-band filterbank, stereo unison optional","PolyBLEP carrier, 16-band default, voice cap","F03,F06,F13,F20",0–16 ms,MIDI behavior official; carrier design reconstructed
22,OSC BOT,yes,yes,Voice/synthesis,"Oscillator-bank robot voice with envelope, step pattern and resonant filter",polyBLEP oscillator + formant filterbank + step sequencer,Same with fewer bands/voices,"F03,F06,F13,F20,F27",0–16 ms,Exact topology not public; perceptual reconstruction
23,PREAMP,yes,yes,Amp simulation,"Input conditioning, triode/diode nonlinear stages, tone stack and cabinet response",4x oversampled WDF/VA stages + state-space tone stack + short/partitioned cabinet IR,2x oversampled WDF/ADAA + minimum-phase 128–256 tap cabinet FIR,"F02,F07,F18,F23",Native 16–128 samples; browser 16–64 samples,Amp style names official; circuit is a clean-room approximation
24,DIST,yes,yes,Nonlinear,Preset-dependent overdrive/fuzz/metal waveshaping with pre/post EQ and anti-aliasing,4x oversampling + WDF/ADAA; 8x optional render mode,2x oversampling + ADAA/WDF default; 4x only high-tier devices,"F02,F07,F23",Filter delay 8–64 samples,Functional reconstruction
25,DYNAMICS,yes,yes,Dynamics,Compressor/limiter/noise-suppressor preset macros,"Peak/RMS dual detector, log soft knee, optional 0.5–2 ms lookahead",Same in WASM; no lookahead on low-latency tier,"F01,F08",0–2 ms,Functional reconstruction
26,EQ,yes,yes,EQ,Low/high shelves plus two peaking sections,"RBJ DF2T biquads; double-precision coefficient calculation, float processing",WASM DF2T; coefficient interpolation/smoothing,"F01,F02",0 samples,Direct implementation of published EQ behavior
27,ISOLATOR,yes,yes,Multiband/gate,"3-band crossover, independent gain/cut and tempo-synced gating",TPT/Linkwitz–Riley 4th-order crossover; smoothed band gains,TPT crossover; control-rate sequencer in Worklet,"F01,F03,F16,F20",0 samples,Functional reconstruction
28,OCTAVE,yes,yes,Pitch,Mix -24/-12/+12 octave voices with formant and tracking controls,Monophonic PSOLA for voice/instrument; Signalsmith for complex input,PSOLA-lite/Signalsmith Web; limit simultaneous voices,"F09,F10,F11,F12",10–40 ms,Functional reconstruction
29,AUTO PAN,yes,yes,Pan modulation,Equal-power stereo pan driven by LFO/tempo sync,Per-sample or 16-sample-ramped equal-power gains,Same; cheap WASM kernel,"F01,F06,F21",0 samples,Direct reconstruction
30,MANUAL PAN,yes,yes,Pan,Equal-power pan controlled by knob/assign/pedal,Smoothed equal-power gains,Same in WASM,"F01,F21",0 samples,Direct reconstruction
31,STEREO ENHANCE,yes,yes,Stereo,"Mid/side width, frequency-selective side gain and all-pass decorrelation",M/S matrix + low-frequency mono protection + decorrelating APF,M/S + one/two APF sections; correlation safety limiter,"F01,F04,F22",0 samples,Functional reconstruction
32,TREMOLO,yes,yes,Amplitude modulation,Amplitude LFO with waveform/depth/tempo sync,Band-limited LFO; smoothed depth,Same; negligible cost,"F01,F06",0 samples,Direct reconstruction
33,VIBRATO,yes,yes,Modulated delay,Wet-only fractional delay modulated by LFO; optional multi-LFO color,4-point Lagrange read head; 2 voices for vintage color,One Lagrange voice default; second voice high-tier,"F01,F05,F06",<1 sample plus intentional delay,Direct reconstruction
34,PATTERN SLICER,yes,yes,Rhythmic gate,"Preset step table controls smooth gain envelope, synced to tempo",Sample-accurate scheduler + raised-cosine 0.5–2 ms edges,Worklet sample counter + table; never schedule many AudioBufferSourceNodes,"F16,F20",0 samples,Direct reconstruction
35,STEP SLICER,yes,yes,Rhythmic gate,Editable 16-step amplitude/pan/filter sequence,Vectorized step envelope and optional per-step filter target,"Worklet table, parameter mailbox and sample-accurate edges","F01,F16,F20,F21",0 samples,Direct reconstruction
36,DELAY,yes,yes,Delay,"Circular buffer, fractional read, feedback filter/saturation and tempo sync",4-point Lagrange for modulation; 8-tap sinc for static resampling taps,Lagrange in WASM; memory preallocated by maximum delay,"F01,F05,F14,F20",Intentional delay only,Direct reconstruction
37,PANNING DELAY,yes,yes,Stereo delay,Two delay lines with cross-feedback and equal-power repeat panning,2x2 stable feedback matrix + Lagrange taps,Same in one WASM kernel,"F05,F14,F20,F21",Intentional delay only,Direct reconstruction
38,REVERSE DELAY,yes,yes,Reverse delay,Alternating segments written forward/read backward with overlap crossfade,Dual/triple segment buffers and equal-power crossfades,Dual segment buffers; segment size quantized to beat,"F14,F20,F25",At least one segment/2,Direct functional reconstruction
39,MOD DELAY,yes,yes,Modulated delay,Long delay with LFO-modulated fractional read and filtered feedback,Lagrange interpolation; parameter smoothing; feedback saturation,Same in WASM; cap modulation depth near buffer boundaries,"F01,F05,F06,F14",Intentional delay only,Direct reconstruction
40,TAPE ECHO,yes,yes,Tape delay,"Multi-head delay, wow/flutter, frequency-dependent loss, saturation and hiss",4-point Lagrange heads + 4x nonlinear record/repro path + feedback LPF,Lagrange heads + 2x ADAA + filtered noise; fewer heads on low tier,"F02,F05,F06,F07,F14,F20",Intentional head delay + 8–64 filter samples,Functional reconstruction
41,GRANULAR DELAY,yes,yes,Granular,"Overlapped windowed grains with controllable size, density, pitch and position jitter","2–8 voices, Hann/sqrt-Hann windows, sinc8 static or Lagrange moving reads","2–4 voices, Lagrange, fixed pool, no allocation","F05,F09,F15,F20",Half grain typical,Direct reconstruction
42,WARP,yes,yes,Granular/freeze macro,"Tempo-synced capture/freeze, diffuse feedback, pitch smear and filtered regeneration",Spectral/granular freeze + FDN-like feedback macro,Granular freeze + FDN8 feedback; spectral mode high tier only,"F12,F15,F17,F19,F20",10–40 ms,Name/parameters official; topology is an explicitly marked perceptual inference
43,TWIST,yes,yes,Performance macro,"Single control couples delay time/rate, pitch, feedback, pan and filter along a nonlinear trajectory",Variable-rate delay + safe feedback saturator + filter/pan macro,Same modules; precomputed trajectory table,"F01,F03,F05,F06,F07,F14,F21",Intentional delay,Topology is an explicitly marked perceptual inference
44,ROLL,yes,yes,Beat repeat,Capture quantized short segment and retrigger with optional pitch/decay/reverse,"Dual buffers, zero-cross or equal-power transitions, sample-accurate beat clock",Fixed capture pool in Worklet; Lagrange for pitch/rate,"F05,F15,F20,F25",One roll slice,Direct functional reconstruction
45,FREEZE,yes,yes,Freeze,Capture loop or freeze STFT magnitude/phase evolution; hold indefinitely,"Dual mode: spectral freeze for HQ, micro-loop with decorrelation for zero-risk live",Micro-loop default; 1024/256 STFT spectral freeze on capable devices,"F12,F19,F25",Loop mode 2–20 ms; spectral ~16 ms,Direct functional reconstruction
46,CHORUS,yes,yes,Modulated delay,"2–4 decorrelated fractional delay voices, stereo phase offsets, optional feedback","4-point Lagrange, 2–4 voices, filtered modulation","2 voices default, 4 voices high-tier","F01,F05,F06,F21",Intentional 5–30 ms delay,Direct reconstruction
47,REVERB,yes,yes,Reverb,Early-reflection FIR feeding modulated feedback delay network,16-line modulated FDN + 32–128 tap early FIR; convolution only render/HQ mode,8-line modulated FDN + short FIR; optional partitioned IR high tier,"F01,F17,F18",FDN ~0 samples; FIR partition mode 64–256 samples,Functional reconstruction
48,GATE REVERB,yes,yes,Reverb/gate,Reverb return multiplied by hold/release gate envelope,FDN16 + sidechain gate with hysteresis and smooth release,FDN8 + gate envelope,"F01,F08,F17",As reverb,Direct reconstruction
49,REVERSE REVERB,yes,yes,Reverse reverb,Reversed IR or segmented reversed diffuse tail with crossfade,Partitioned reverse-IR convolution for HQ; segmented FDN-tail reverse for live,Segmented reverse FDN tail default; short reverse IR optional,"F17,F18,F25",Segment/partition latency 10–100 ms,Direct functional reconstruction
50,BEAT SCATTER,no,yes,Track-only beat FX,"Beat-synchronous grain capture, read-head jumps, random/repeat ordering and pitch changes","Deterministic PRNG, fixed grain pool, quantized read positions",Same in Worklet; seed stored in memory for repeatability,"F05,F09,F15,F20,F25",One grain/slice,Track-only name/function official; selection law reconstructed
51,BEAT REPEAT,no,yes,Track-only beat FX,Capture beat subdivision and loop forward/reverse/alternate with decay,Dual capture buffers + beat clock + crossfade,Same in Worklet; no node creation during playback,"F15,F20,F25",One slice,Direct functional reconstruction
52,BEAT SHIFT,no,yes,Track-only beat FX,Shift loop read pointer by signed beat/subdivision while preserving click-free continuity,"Modulo pointer offset + equal-power crossfade, optional phase-aligned zero-cross selection",Same in Worklet,"F20,F25",Crossfade 1–10 ms,Direct functional reconstruction
53,VINYL FLICK,no,yes,Track-only transport FX,Inertial platter speed model drives variable-rate resampler; friction and motor recovery,Second-order speed/torque model + sinc8/Lagrange resampler,Second-order model + Lagrange resampler; cap acceleration,"F05,F09,F26","Variable, effect intentional",Functional reconstruction
