index,official_kit_name,target_timbre,native_balanced_architecture,browser_balanced_architecture,formula_ids,evidence_status
1,STUDIO,"Tight close-mic acoustic kit, controlled room","4–8 velocity layers, 3–4 round robins, close/OH/room buses","2–4 layers, 2 round robins, pre-rendered room tail",Sample playback + F20/F24,Kit name is official; sample/circuit architecture is a clean-room design because Roland does not publish the original assets/topology.
2,LIVE,"Larger room and stage bleed, broader stereo image",Multi-mic sample set + early reflections/FDN room send,Dry samples + short pre-rendered room/FDN8 send,"F17,F18,F24",Kit name is official; sample/circuit architecture is a clean-room design because Roland does not publish the original assets/topology.
3,LIGHT,"Small shells, short decay, low transient mass","Short acoustic samples, light bus compression",Reduced layers and tail lengths,"F08,F24",Kit name is official; sample/circuit architecture is a clean-room design because Roland does not publish the original assets/topology.
4,HEAVY,"Large shells, deep kick, parallel-compressed room","Layered acoustic kit, parallel dynamics, room FDN","Layered samples, baked room and gentle bus compressor","F08,F17,F24",Kit name is official; sample/circuit architecture is a clean-room design because Roland does not publish the original assets/topology.
5,ROCK,"Strong attack, medium room, controlled gated ambience","Attack/body sample layers, gated room return","2–4 layers, baked ambience, FDN8 gate","F08,F17,F24",Kit name is official; sample/circuit architecture is a clean-room design because Roland does not publish the original assets/topology.
6,METAL,"Click-forward kick, bright snare/cymbals, fast decay","Multi-layer samples, transient shaper, narrow dynamic tails",Pre-shaped samples and light saturation,"F07,F08,F24",Kit name is official; sample/circuit architecture is a clean-room design because Roland does not publish the original assets/topology.
7,JAZZ,"Ride-led, open dynamics, natural room","High velocity resolution, cymbal round robins, minimal compression",Prioritize ride/cymbal variations; 2–4 layers,"F17,F24",Kit name is official; sample/circuit architecture is a clean-room design because Roland does not publish the original assets/topology.
8,BRUSH,"Brush taps, sweeps and softer snare articulations",Dedicated sweep/tap one-shots and loopable brush textures,Compressed brush sample set; sweep texture pool,"F15,F24",Kit name is official; sample/circuit architecture is a clean-room design because Roland does not publish the original assets/topology.
9,CAJON,Bass/body/slap articulations with wooden resonance,Layered cajon samples + modal body resonator,Samples + 2–4 modal resonances,"F03,F24",Kit name is official; sample/circuit architecture is a clean-room design because Roland does not publish the original assets/topology.
10,DRUM&BASS,"Tight breakbeat transients, electronic sub and edited hats","Sample/procedural hybrid, transient slicing, parallel saturation",Pre-rendered break layers + procedural sub kick,"F07,F15,F24",Kit name is official; sample/circuit architecture is a clean-room design because Roland does not publish the original assets/topology.
11,R&B,"Round kick, soft snare/clap, restrained hats","Layered samples, gentle low-pass and bus compression",2–4 sample layers and low-cost bus compressor,"F02,F08,F24",Kit name is official; sample/circuit architecture is a clean-room design because Roland does not publish the original assets/topology.
12,DANCE,"Club kick, bright clap and open electronic hats",Procedural/sample hybrid with sidechain-ready envelopes,Procedural kick + one-shot clap/hats,F24,Kit name is official; sample/circuit architecture is a clean-room design because Roland does not publish the original assets/topology.
13,TECHNO,"Hard electronic kick, resonant percussion, saturated hats",Procedural kick/toms + oversampled saturation,Procedural oscillators + 2x ADAA,"F03,F07,F24",Kit name is official; sample/circuit architecture is a clean-room design because Roland does not publish the original assets/topology.
14,DANCE BEATS,Layered modern dance kit with broad macro range,"Sample/procedural layers, macro-driven transient/body balance","Pre-rendered layers, selective procedural kick","F08,F24",Kit name is official; sample/circuit architecture is a clean-room design because Roland does not publish the original assets/topology.
15,HIPHOP,"Low-passed drums, clap/snare layering, vinyl coloration",Layered one-shots + saturation + optional wow/noise,Samples + ADAA + cheap filtered noise,"F02,F07,F26,F24",Kit name is official; sample/circuit architecture is a clean-room design because Roland does not publish the original assets/topology.
16,808+909,Classic analog drum-machine hybrid,"Procedural bridged-T kick/toms, noise snare/clap/hats, nonlinear accent",Same procedural core in WASM; deterministic random source,"F07,F24",Kit name is official; sample/circuit architecture is a clean-room design because Roland does not publish the original assets/topology.
