global_index,genre,pattern,beat,variations,intro_ending_fill_engine,source_note
1,ACOUSTIC,SIDE STICK,4/4,4,supported globally,
2,ACOUSTIC,BOSSA,4/4,4,supported globally,
3,ACOUSTIC,BRUSH1,4/4,4,supported globally,
4,ACOUSTIC,BRUSH2,4/4,4,supported globally,
5,ACOUSTIC,CONGA 8BEAT,4/4,4,supported globally,
6,ACOUSTIC,CONGA 16BEAT,4/4,4,supported globally,
7,ACOUSTIC,CONGA 4BEAT,4/4,4,supported globally,
8,ACOUSTIC,CONGA SWING,4/4,4,supported globally,
9,ACOUSTIC,CONGA BOSSA,4/4,4,supported globally,
10,ACOUSTIC,CAJON1,4/4,4,supported globally,
11,ACOUSTIC,CAJON2,4/4,4,supported globally,
12,BALLAD,SHUFFLE2,3/4,4,supported globally,
13,BALLAD,SIDE STICK1,4/4,4,supported globally,
14,BALLAD,SIDE STICK2,4/4,4,supported globally,
15,BALLAD,SIDE STICK3,4/4,4,supported globally,
16,BALLAD,SIDE STICK4,4/4,4,supported globally,
17,BALLAD,SHUFFLE1,4/4,4,supported globally,
18,BALLAD,8BEAT,4/4,4,supported globally,
19,BALLAD,16BEAT1,4/4,4,supported globally,
20,BALLAD,16BEAT2,4/4,4,supported globally,
21,BALLAD,SWING,4/4,4,supported globally,
22,BALLAD,6/8 BEAT,6/8,4,supported globally,
23,BLUES,3BEAT,3/4,4,supported globally,
24,BLUES,12BARS,4/4,4,supported globally,
25,BLUES,SHUFFLE1,4/4,4,supported globally,
26,BLUES,SHUFFLE2,4/4,4,supported globally,
27,BLUES,SWING,4/4,4,supported globally,
28,BLUES,6/8 BEAT,6/8,4,supported globally,
29,JAZZ,JAZZ BLUES,4/4,4,supported globally,
30,JAZZ,FAST 4BEAT,4/4,4,supported globally,
31,JAZZ,HARD BOP,4/4,4,supported globally,
32,JAZZ,BRUSH BOP,4/4,4,supported globally,
33,JAZZ,BRUSH SWING,4/4,4,supported globally,
34,JAZZ,FAST SWNG,4/4,4,supported globally,
35,JAZZ,MED SWING,4/4,4,supported globally,
36,JAZZ,SLOW LEGATO,4/4,4,supported globally,
37,JAZZ,JAZZ SAMBA,4/4,4,supported globally,
38,JAZZ,6/8 BEAT,6/8,4,supported globally,
39,FUSION,16BEAT1,4/4,4,supported globally,
40,FUSION,16BEAT2,4/4,4,supported globally,
41,FUSION,16BEAT3,4/4,4,supported globally,
42,FUSION,16BEAT4,4/4,4,supported globally,
43,FUSION,16BEAT5,4/4,4,supported globally,
44,FUSION,16BEAT6,4/4,4,supported globally,
45,FUSION,16BEAT7,4/4,4,supported globally,
46,FUSION,SWING,4/4,4,supported globally,
47,FUSION,7/8 BEAT,7/8,4,supported globally,
48,R&B,SWING1,4/4,4,supported globally,
49,R&B,SWING2,4/4,4,supported globally,
50,R&B,SWING3,4/4,4,supported globally,
51,R&B,SIDE STICK1,4/4,4,supported globally,
52,R&B,SIDE STICK2,4/4,4,supported globally,
53,R&B,SIDE STICK3,4/4,4,supported globally,
54,R&B,SHUFFLE1,4/4,4,supported globally,
55,R&B,SHUFFLE2,4/4,4,supported globally,
56,R&B,8BEAT1,4/4,4,supported globally,
57,R&B,16BEAT1,4/4,4,supported globally,
58,R&B,7/8 BEAT,7/8,4,supported globally,
59,SOUL,SWING1,4/4,4,supported globally,
60,SOUL,SWING2,4/4,4,supported globally,
61,SOUL,SWING3,4/4,4,supported globally,
62,SOUL,SWING4,4/4,4,supported globally,
63,SOUL,16BEAT1,4/4,4,supported globally,
64,SOUL,16BEAT2,4/4,4,supported globally,
65,SOUL,16BEAT3,4/4,4,supported globally,
66,SOUL,SIDESTK1,4/4,4,supported globally,
67,SOUL,SIDESTK2,4/4,4,supported globally,
68,SOUL,MOTOWN,4/4,4,supported globally,
69,SOUL,PERCUS,4/4,4,supported globally,
70,FUNK,8BEAT1,4/4,4,supported globally,
71,FUNK,8BEAT2,4/4,4,supported globally,
72,FUNK,8BEAT3,4/4,4,supported globally,
73,FUNK,8BEAT4,4/4,4,supported globally,
74,FUNK,16BEAT1,4/4,4,supported globally,
75,FUNK,16BEAT2,4/4,4,supported globally,
76,FUNK,16BEAT3,4/4,4,supported globally,
77,FUNK,16BEAT4,4/4,4,supported globally,
78,FUNK,SWING1,4/4,4,supported globally,
79,FUNK,SWING2,4/4,4,supported globally,
80,FUNK,SWING3,4/4,4,supported globally,
81,POP,8BEAT1,4/4,4,supported globally,
82,POP,8BEAT2,4/4,4,supported globally,
83,POP,16BEAT1,4/4,4,supported globally,
84,POP,16BEAT2,4/4,4,supported globally,
85,POP,PERCUS1,4/4,4,supported globally,
86,POP,SHUFFLE1,4/4,4,supported globally,
87,POP,SHUFFLE2,4/4,4,supported globally,
88,POP,SIDE STICK1,4/4,4,supported globally,
89,POP,SIDE STICK2,4/4,4,supported globally,
90,POP,SWING1,4/4,4,supported globally,
91,POP,SWING2,4/4,4,supported globally,
92,POP,PERCUS2,6/8,4,supported globally,
93,SOFT ROCK,16BEAT1,4/4,4,supported globally,
94,SOFT ROCK,16BEAT2,4/4,4,supported globally,
95,SOFT ROCK,16BEAT3,4/4,4,supported globally,
96,SOFT ROCK,16BEAT4,4/4,4,supported globally,
97,SOFT ROCK,8BEAT,4/4,4,supported globally,
98,SOFT ROCK,SWING1,4/4,4,supported globally,
99,SOFT ROCK,SWING2,4/4,4,supported globally,
100,SOFT ROCK,SWING3,4/4,4,supported globally,
101,SOFT ROCK,SWING4,4/4,4,supported globally,
102,SOFT ROCK,SIDE STICK1,4/4,4,supported globally,
103,SOFT ROCK,SIDE STICK2,4/4,4,supported globally,
104,SOFT ROCK,PERCUS1,4/4,4,supported globally,
105,SOFT ROCK,PERCUS2,4/4,4,supported globally,
106,ROCK,8BEAT1,4/4,4,supported globally,
107,ROCK,8BEAT2,4/4,4,supported globally,
108,ROCK,8BEAT3,4/4,4,supported globally,
109,ROCK,8BEAT4,4/4,4,supported globally,
110,ROCK,8BEAT5,4/4,4,supported globally,
111,ROCK,8BEAT6,4/4,4,supported globally,
112,ROCK,16BEAT1,4/4,4,supported globally,
113,ROCK,16BEAT2,4/4,4,supported globally,
114,ROCK,16BEAT3,4/4,4,supported globally,
115,ROCK,16BEAT4,4/4,4,supported globally,
116,ROCK,SHUFFLE1,4/4,4,supported globally,
117,ROCK,SHUFFLE2,4/4,4,supported globally,
118,ROCK,SWING1,4/4,4,supported globally,
119,ROCK,SWING2,4/4,4,supported globally,
120,ROCK,SWING3,4/4,4,supported globally,
121,ROCK,SWING4,4/4,4,supported globally,
122,ALT ROCK,RIDEBEAT,4/4,4,supported globally,
123,ALT ROCK,8BEAT1,4/4,4,supported globally,
124,ALT ROCK,8BEAT2,4/4,4,supported globally,
125,ALT ROCK,8BEAT3,4/4,4,supported globally,
126,ALT ROCK,8BEAT4,4/4,4,supported globally,
127,ALT ROCK,16BEAT1,4/4,4,supported globally,
128,ALT ROCK,16BEAT2,4/4,4,supported globally,
129,ALT ROCK,16BEAT3,4/4,4,supported globally,
130,ALT ROCK,16BEAT4,4/4,4,supported globally,
131,ALT ROCK,SWING,4/4,4,supported globally,
132,ALT ROCK,5/4 BEAT,5/4,4,supported globally,
133,PUNK,8BEAT1,4/4,4,supported globally,The official table prints 8BEAT6 twice; preserved verbatim.
134,PUNK,8BEAT2,4/4,4,supported globally,The official table prints 8BEAT6 twice; preserved verbatim.
135,PUNK,8BEAT3,4/4,4,supported globally,The official table prints 8BEAT6 twice; preserved verbatim.
136,PUNK,8BEAT4,4/4,4,supported globally,The official table prints 8BEAT6 twice; preserved verbatim.
137,PUNK,8BEAT5,4/4,4,supported globally,The official table prints 8BEAT6 twice; preserved verbatim.
138,PUNK,8BEAT6,4/4,4,supported globally,The official table prints 8BEAT6 twice; preserved verbatim.
139,PUNK,16BEAT1,4/4,4,supported globally,The official table prints 8BEAT6 twice; preserved verbatim.
140,PUNK,16BEAT2,4/4,4,supported globally,The official table prints 8BEAT6 twice; preserved verbatim.
141,PUNK,16BEAT3,4/4,4,supported globally,The official table prints 8BEAT6 twice; preserved verbatim.
142,PUNK,SIDE STICK,4/4,4,supported globally,The official table prints 8BEAT6 twice; preserved verbatim.
143,PUNK,8BEAT6,4/4,4,supported globally,The official table prints 8BEAT6 twice; preserved verbatim.
144,HEAVY ROCK,8BEAT1,4/4,4,supported globally,
145,HEAVY ROCK,8BEAT2,4/4,4,supported globally,
146,HEAVY ROCK,8BEAT3,4/4,4,supported globally,
147,HEAVY ROCK,16BEAT1,4/4,4,supported globally,
148,HEAVY ROCK,16BEAT2,4/4,4,supported globally,
149,HEAVY ROCK,16BEAT3,4/4,4,supported globally,
150,HEAVY ROCK,SHUFFLE1,4/4,4,supported globally,
151,HEAVY ROCK,SHUFFLE2,4/4,4,supported globally,
152,HEAVY ROCK,SWING1,4/4,4,supported globally,
153,HEAVY ROCK,SWING2,4/4,4,supported globally,
154,HEAVY ROCK,SWING3,4/4,4,supported globally,
155,METAL,8BEAT1,4/4,4,supported globally,
156,METAL,8BEAT2,4/4,4,supported globally,
157,METAL,8BEAT3,4/4,4,supported globally,
158,METAL,8BEAT4,4/4,4,supported globally,
159,METAL,8BEAT5,4/4,4,supported globally,
160,METAL,8BEAT6,4/4,4,supported globally,
161,METAL,2XBD1,4/4,4,supported globally,
162,METAL,2XBD2,4/4,4,supported globally,
163,METAL,2XBD3,4/4,4,supported globally,
164,METAL,2XBD4,4/4,4,supported globally,
165,METAL,2XBD5,4/4,4,supported globally,
166,TRAD,TRAIN2,2/4,4,supported globally,
167,TRAD,ROCKN ROLL,4/4,4,supported globally,
168,TRAD,TRAIN1,4/4,4,supported globally,
169,TRAD,COUNTRY1,4/4,4,supported globally,
170,TRAD,COUNTRY2,4/4,4,supported globally,
171,TRAD,COUNTRY3,4/4,4,supported globally,
172,TRAD,FOXTROT,4/4,4,supported globally,
173,TRAD,TRAD1,4/4,4,supported globally,
174,TRAD,TRAD2,4/4,4,supported globally,
175,WORLD,BOSSA1,4/4,4,supported globally,
176,WORLD,BOSSA2,4/4,4,supported globally,
177,WORLD,SAMBA1,4/4,4,supported globally,
178,WORLD,SAMBA2,4/4,4,supported globally,
179,WORLD,BOOGALOO,4/4,4,supported globally,
180,WORLD,MERENGUE,4/4,4,supported globally,
181,WORLD,REGGAE,4/4,4,supported globally,
182,WORLD,LATIN ROCK1,4/4,4,supported globally,
183,WORLD,LATIN ROCK2,4/4,4,supported globally,
184,WORLD,LATIN PERC,4/4,4,supported globally,
185,WORLD,SURDO,4/4,4,supported globally,
186,WORLD,LATIN1,4/4,4,supported globally,
187,WORLD,LATIN2,4/4,4,supported globally,
188,BALLAM,CUMBIA,2/4,4,supported globally,Official pattern table spells this genre BALLAM; the settings page spells BALLRM.
189,BALLAM,WALTZ1,3/4,4,supported globally,Official pattern table spells this genre BALLAM; the settings page spells BALLRM.
190,BALLAM,WALTZ2,3/4,4,supported globally,Official pattern table spells this genre BALLAM; the settings page spells BALLRM.
191,BALLAM,CHACHA,4/4,4,supported globally,Official pattern table spells this genre BALLAM; the settings page spells BALLRM.
192,BALLAM,BEGUINE,4/4,4,supported globally,Official pattern table spells this genre BALLAM; the settings page spells BALLRM.
193,BALLAM,RHUMBA,4/4,4,supported globally,Official pattern table spells this genre BALLAM; the settings page spells BALLRM.
194,BALLAM,TANGO1,4/4,4,supported globally,Official pattern table spells this genre BALLAM; the settings page spells BALLRM.
195,BALLAM,TANGO2,4/4,4,supported globally,Official pattern table spells this genre BALLAM; the settings page spells BALLRM.
196,BALLAM,JIVE,4/4,4,supported globally,Official pattern table spells this genre BALLAM; the settings page spells BALLRM.
197,BALLAM,CHARLSTON,4/4,4,supported globally,Official pattern table spells this genre BALLAM; the settings page spells BALLRM.
198,ELCTRO,ELCTRO01,4/4,4,supported globally,Official spelling is ELCTRO.
199,ELCTRO,ELCTRO02,4/4,4,supported globally,Official spelling is ELCTRO.
200,ELCTRO,ELCTRO03,4/4,4,supported globally,Official spelling is ELCTRO.
201,ELCTRO,ELCTRO04,4/4,4,supported globally,Official spelling is ELCTRO.
202,ELCTRO,ELCTRO05,4/4,4,supported globally,Official spelling is ELCTRO.
203,ELCTRO,ELCTRO06,4/4,4,supported globally,Official spelling is ELCTRO.
204,ELCTRO,ELCTRO07,4/4,4,supported globally,Official spelling is ELCTRO.
205,ELCTRO,ELCTRO08,4/4,4,supported globally,Official spelling is ELCTRO.
206,ELCTRO,5/4 BEAT,5/4,4,supported globally,Official spelling is ELCTRO.
207,GUIDE,2/4 TRIPLE,2/4,4,supported globally,
208,GUIDE,3/4,3/4,4,supported globally,
209,GUIDE,3/4 TRIPLE,3/4,4,supported globally,
210,GUIDE,4/4,4/4,4,supported globally,
211,GUIDE,4/4 TRIPLE,4/4,4,supported globally,
212,GUIDE,BD 8BEAT,4/4,4,supported globally,
213,GUIDE,BD 16BEAT,4/4,4,supported globally,
214,GUIDE,BD SHUFFLE,4/4,4,supported globally,
215,GUIDE,HH 8BEAT,4/4,4,supported globally,
216,GUIDE,HH 16BEAT,4/4,4,supported globally,
217,GUIDE,HH SWING1,4/4,4,supported globally,
218,GUIDE,HH SWING2,4/4,4,supported globally,
219,GUIDE,8BEAT1,4/4,4,supported globally,
220,GUIDE,8BEAT2,4/4,4,supported globally,
221,GUIDE,8BEAT3,4/4,4,supported globally,
222,GUIDE,8BEAT4,4/4,4,supported globally,
223,GUIDE,5/4,5/4,4,supported globally,
224,GUIDE,5/4 TRIPLE,5/4,4,supported globally,
225,GUIDE,6/4,6/4,4,supported globally,
226,GUIDE,6/4 TRIPLE,6/4,4,supported globally,
227,GUIDE,7/4,7/4,4,supported globally,
228,GUIDE,7/4 TRIPLE,7/4,4,supported globally,
229,GUIDE,5/8,5/8,4,supported globally,
230,GUIDE,6/8,6/8,4,supported globally,
231,GUIDE,7/8,7/8,4,supported globally,
232,GUIDE,8/8,8/8,4,supported globally,
233,GUIDE,9/8,9/8,4,supported globally,
234,GUIDE,10/8,10/8,4,supported globally,
235,GUIDE,11/8,11/8,4,supported globally,
236,GUIDE,12/8,12/8,4,supported globally,
237,GUIDE,13/8,13/8,4,supported globally,
238,GUIDE,14/8,14/8,4,supported globally,
239,GUIDE,15/8,15/8,4,supported globally,
240,USER,SIMPLE BEAT,4/4,4,supported globally,User rhythm slot; official footnote says SMF patterns can be imported with RC-505mkII Rhythm Converter.
