FX,Native,Browser,Algorithm,Formula,Tests,P99,Latency,Quality Tier,Remaining Risk
LPF,not_implemented,not_implemented,TPT state-variable low-pass; parameter-smoothed cutoff/Q,"F01,F03",not_measured,not_measured,not_measured,unrated,No qualified complete effect runtime; official parameter extraction unverified; Native/Web parity and deadline evidence absent
BPF,not_implemented,not_implemented,TPT state-variable band-pass,"F01,F03",not_measured,not_measured,not_measured,unrated,No qualified complete effect runtime; official parameter extraction unverified; Native/Web parity and deadline evidence absent
HPF,not_implemented,not_implemented,TPT state-variable high-pass,"F01,F03",not_measured,not_measured,not_measured,unrated,No qualified complete effect runtime; official parameter extraction unverified; Native/Web parity and deadline evidence absent
PHASER,not_implemented,not_implemented,4/8/12 cascaded first-order all-pass sections; dual opposing sweeps for BI-PHASE,"F01,F04,F06",not_measured,not_measured,not_measured,unrated,No qualified complete effect runtime; official parameter extraction unverified; Native/Web parity and deadline evidence absent
FLANGER,not_implemented,not_implemented,"0.2–10 ms fractional delay with LFO, feedback and optional through-zero offset","F01,F05,F06,F14",not_measured,not_measured,not_measured,unrated,No qualified complete effect runtime; official parameter extraction unverified; Native/Web parity and deadline evidence absent
SYNTH,not_implemented,not_implemented,Onset/envelope follower + monophonic F0 tracker + polyBLEP oscillator/sub oscillator + resonant filter,"F03,F06,F10,F27",not_measured,not_measured,not_measured,unrated,No qualified complete effect runtime; official parameter extraction unverified; Native/Web parity and deadline evidence absent
LO-FI,not_implemented,not_implemented,"Sample-rate hold, bit-depth quantization, optional post low-pass",F28,not_measured,not_measured,not_measured,unrated,No qualified complete effect runtime; official parameter extraction unverified; Native/Web parity and deadline evidence absent
RADIO,not_implemented,not_implemented,Band-limit + static/nonlinear saturation + noise/dropout,"F02,F07,F28",not_measured,not_measured,not_measured,unrated,No qualified complete effect runtime; official parameter extraction unverified; Native/Web parity and deadline evidence absent
RING.MOD,not_implemented,not_implemented,Four-quadrant multiplication by sine/triangle carrier,"F01,F06,F29",not_measured,not_measured,not_measured,unrated,No qualified complete effect runtime; official parameter extraction unverified; Native/Web parity and deadline evidence absent
G2B,not_implemented,not_implemented,Monophonic tracking + octave-down resynthesis/divider blend + formant/body filtering,"F09,F10,F11",not_measured,not_measured,not_measured,unrated,No qualified complete effect runtime; official parameter extraction unverified; Native/Web parity and deadline evidence absent
SUSTAINER,not_implemented,not_implemented,"Upward/downward compression, noise gate and safety limiter","F01,F08",not_measured,not_measured,not_measured,unrated,No qualified complete effect runtime; official parameter extraction unverified; Native/Web parity and deadline evidence absent
AUTO RIFF,not_implemented,not_implemented,"Detect F0/onsets, quantize to scale, drive rhythm-locked pitch sequence","F09,F10,F11,F12,F20,F27",not_measured,not_measured,not_measured,unrated,No qualified complete effect runtime; official parameter extraction unverified; Native/Web parity and deadline evidence absent
SLOW GEAR,not_implemented,not_implemented,Onset-triggered attack envelope that suppresses pick transient,"F01,F27",not_measured,not_measured,not_measured,unrated,No qualified complete effect runtime; official parameter extraction unverified; Native/Web parity and deadline evidence absent
TRANSPOSE,not_implemented,not_implemented,Constant-ratio pitch shift with optional formant compensation,"F09,F10,F11,F12",not_measured,not_measured,not_measured,unrated,No qualified complete effect runtime; official parameter extraction unverified; Native/Web parity and deadline evidence absent
PITCH BEND,not_implemented,not_implemented,Time-varying semitone envelope into streaming pitch shifter/resampler,"F01,F09,F11,F12",not_measured,not_measured,not_measured,unrated,No qualified complete effect runtime; official parameter extraction unverified; Native/Web parity and deadline evidence absent
ROBOT,not_implemented,not_implemented,Force F0 to fixed/quantized pitch while retaining or shifting formants,"F09,F10,F11,F12",not_measured,not_measured,not_measured,unrated,No qualified complete effect runtime; official parameter extraction unverified; Native/Web parity and deadline evidence absent
ELECTRIC,not_implemented,not_implemented,Hard pitch quantization plus metallic ring/vocoder/bit-crush macro,"F03,F09,F10,F13,F28,F29",not_measured,not_measured,not_measured,unrated,No qualified complete effect runtime; official parameter extraction unverified; Native/Web parity and deadline evidence absent
HRM MANUAL,not_implemented,not_implemented,One or more fixed-interval pitch-shift voices with formant and pan control,"F09,F10,F11,F12,F21",not_measured,not_measured,not_measured,unrated,No qualified complete effect runtime; official parameter extraction unverified; Native/Web parity and deadline evidence absent
HRM AUTO (M),not_implemented,not_implemented,"MIDI chord/note parsing, voice assignment, diatonic interval selection and pitch shifts","F09,F11,F12,F20,F21",not_measured,not_measured,not_measured,unrated,No qualified complete effect runtime; official parameter extraction unverified; Native/Web parity and deadline evidence absent
VOCODER,not_implemented,not_implemented,"ERB/log-spaced analysis filterbank, envelope followers and carrier synthesis","F01,F03,F13",not_measured,not_measured,not_measured,unrated,No qualified complete effect runtime; official parameter extraction unverified; Native/Web parity and deadline evidence absent
OSC VOC (M),not_implemented,not_implemented,MIDI-controlled anti-aliased oscillator carrier through vocoder analysis envelopes,"F03,F06,F13,F20",not_measured,not_measured,not_measured,unrated,No qualified complete effect runtime; official parameter extraction unverified; Native/Web parity and deadline evidence absent
OSC BOT,not_implemented,not_implemented,"Oscillator-bank robot voice with envelope, step pattern and resonant filter","F03,F06,F13,F20,F27",not_measured,not_measured,not_measured,unrated,No qualified complete effect runtime; official parameter extraction unverified; Native/Web parity and deadline evidence absent
PREAMP,not_implemented,not_implemented,"Input conditioning, triode/diode nonlinear stages, tone stack and cabinet response","F02,F07,F18,F23",not_measured,not_measured,not_measured,unrated,No qualified complete effect runtime; official parameter extraction unverified; Native/Web parity and deadline evidence absent
DIST,not_implemented,not_implemented,Preset-dependent overdrive/fuzz/metal waveshaping with pre/post EQ and anti-aliasing,"F02,F07,F23",not_measured,not_measured,not_measured,unrated,No qualified complete effect runtime; official parameter extraction unverified; Native/Web parity and deadline evidence absent
DYNAMICS,not_implemented,not_implemented,Compressor/limiter/noise-suppressor preset macros,"F01,F08",not_measured,not_measured,not_measured,unrated,No qualified complete effect runtime; official parameter extraction unverified; Native/Web parity and deadline evidence absent
EQ,not_implemented,not_implemented,Low/high shelves plus two peaking sections,"F01,F02",not_measured,not_measured,not_measured,unrated,No qualified complete effect runtime; official parameter extraction unverified; Native/Web parity and deadline evidence absent
ISOLATOR,not_implemented,not_implemented,"3-band crossover, independent gain/cut and tempo-synced gating","F01,F03,F16,F20",not_measured,not_measured,not_measured,unrated,No qualified complete effect runtime; official parameter extraction unverified; Native/Web parity and deadline evidence absent
OCTAVE,not_implemented,not_implemented,Mix -24/-12/+12 octave voices with formant and tracking controls,"F09,F10,F11,F12",not_measured,not_measured,not_measured,unrated,No qualified complete effect runtime; official parameter extraction unverified; Native/Web parity and deadline evidence absent
AUTO PAN,not_implemented,not_implemented,Equal-power stereo pan driven by LFO/tempo sync,"F01,F06,F21",not_measured,not_measured,not_measured,unrated,No qualified complete effect runtime; official parameter extraction unverified; Native/Web parity and deadline evidence absent
MANUAL PAN,not_implemented,not_implemented,Equal-power pan controlled by knob/assign/pedal,"F01,F21",not_measured,not_measured,not_measured,unrated,No qualified complete effect runtime; official parameter extraction unverified; Native/Web parity and deadline evidence absent
STEREO ENHANCE,not_implemented,not_implemented,"Mid/side width, frequency-selective side gain and all-pass decorrelation","F01,F04,F22",not_measured,not_measured,not_measured,unrated,No qualified complete effect runtime; official parameter extraction unverified; Native/Web parity and deadline evidence absent
TREMOLO,not_implemented,not_implemented,Amplitude LFO with waveform/depth/tempo sync,"F01,F06",not_measured,not_measured,not_measured,unrated,No qualified complete effect runtime; official parameter extraction unverified; Native/Web parity and deadline evidence absent
VIBRATO,not_implemented,not_implemented,Wet-only fractional delay modulated by LFO; optional multi-LFO color,"F01,F05,F06",not_measured,not_measured,not_measured,unrated,No qualified complete effect runtime; official parameter extraction unverified; Native/Web parity and deadline evidence absent
PATTERN SLICER,not_implemented,not_implemented,"Preset step table controls smooth gain envelope, synced to tempo","F16,F20",not_measured,not_measured,not_measured,unrated,No qualified complete effect runtime; official parameter extraction unverified; Native/Web parity and deadline evidence absent
STEP SLICER,not_implemented,not_implemented,Editable 16-step amplitude/pan/filter sequence,"F01,F16,F20,F21",not_measured,not_measured,not_measured,unrated,No qualified complete effect runtime; official parameter extraction unverified; Native/Web parity and deadline evidence absent
DELAY,not_implemented,not_implemented,"Circular buffer, fractional read, feedback filter/saturation and tempo sync","F01,F05,F14,F20",not_measured,not_measured,not_measured,unrated,No qualified complete effect runtime; official parameter extraction unverified; Native/Web parity and deadline evidence absent
PANNING DELAY,not_implemented,not_implemented,Two delay lines with cross-feedback and equal-power repeat panning,"F05,F14,F20,F21",not_measured,not_measured,not_measured,unrated,No qualified complete effect runtime; official parameter extraction unverified; Native/Web parity and deadline evidence absent
REVERSE DELAY,not_implemented,not_implemented,Alternating segments written forward/read backward with overlap crossfade,"F14,F20,F25",not_measured,not_measured,not_measured,unrated,No qualified complete effect runtime; official parameter extraction unverified; Native/Web parity and deadline evidence absent
MOD DELAY,not_implemented,not_implemented,Long delay with LFO-modulated fractional read and filtered feedback,"F01,F05,F06,F14",not_measured,not_measured,not_measured,unrated,No qualified complete effect runtime; official parameter extraction unverified; Native/Web parity and deadline evidence absent
TAPE ECHO,not_implemented,not_implemented,"Multi-head delay, wow/flutter, frequency-dependent loss, saturation and hiss","F02,F05,F06,F07,F14,F20",not_measured,not_measured,not_measured,unrated,No qualified complete effect runtime; official parameter extraction unverified; Native/Web parity and deadline evidence absent
GRANULAR DELAY,not_implemented,not_implemented,"Overlapped windowed grains with controllable size, density, pitch and position jitter","F05,F09,F15,F20",not_measured,not_measured,not_measured,unrated,No qualified complete effect runtime; official parameter extraction unverified; Native/Web parity and deadline evidence absent
WARP,not_implemented,not_implemented,"Tempo-synced capture/freeze, diffuse feedback, pitch smear and filtered regeneration","F12,F15,F17,F19,F20",not_measured,not_measured,not_measured,unrated,No qualified complete effect runtime; official parameter extraction unverified; Native/Web parity and deadline evidence absent
TWIST,not_implemented,not_implemented,"Single control couples delay time/rate, pitch, feedback, pan and filter along a nonlinear trajectory","F01,F03,F05,F06,F07,F14,F21",not_measured,not_measured,not_measured,unrated,No qualified complete effect runtime; official parameter extraction unverified; Native/Web parity and deadline evidence absent
ROLL,not_implemented,not_implemented,Capture quantized short segment and retrigger with optional pitch/decay/reverse,"F05,F15,F20,F25",not_measured,not_measured,not_measured,unrated,No qualified complete effect runtime; official parameter extraction unverified; Native/Web parity and deadline evidence absent
FREEZE,not_implemented,not_implemented,Capture loop or freeze STFT magnitude/phase evolution; hold indefinitely,"F12,F19,F25",not_measured,not_measured,not_measured,unrated,No qualified complete effect runtime; official parameter extraction unverified; Native/Web parity and deadline evidence absent
CHORUS,not_implemented,not_implemented,"2–4 decorrelated fractional delay voices, stereo phase offsets, optional feedback","F01,F05,F06,F21",not_measured,not_measured,not_measured,unrated,No qualified complete effect runtime; official parameter extraction unverified; Native/Web parity and deadline evidence absent
REVERB,not_implemented,not_implemented,Early-reflection FIR feeding modulated feedback delay network,"F01,F17,F18",not_measured,not_measured,not_measured,unrated,No qualified complete effect runtime; official parameter extraction unverified; Native/Web parity and deadline evidence absent
GATE REVERB,not_implemented,not_implemented,Reverb return multiplied by hold/release gate envelope,"F01,F08,F17",not_measured,not_measured,not_measured,unrated,No qualified complete effect runtime; official parameter extraction unverified; Native/Web parity and deadline evidence absent
REVERSE REVERB,not_implemented,not_implemented,Reversed IR or segmented reversed diffuse tail with crossfade,"F17,F18,F25",not_measured,not_measured,not_measured,unrated,No qualified complete effect runtime; official parameter extraction unverified; Native/Web parity and deadline evidence absent
BEAT SCATTER,not_implemented,not_implemented,"Beat-synchronous grain capture, read-head jumps, random/repeat ordering and pitch changes","F05,F09,F15,F20,F25",not_measured,not_measured,not_measured,unrated,No qualified complete effect runtime; official parameter extraction unverified; Native/Web parity and deadline evidence absent
BEAT REPEAT,not_implemented,not_implemented,Capture beat subdivision and loop forward/reverse/alternate with decay,"F15,F20,F25",not_measured,not_measured,not_measured,unrated,No qualified complete effect runtime; official parameter extraction unverified; Native/Web parity and deadline evidence absent
BEAT SHIFT,not_implemented,not_implemented,Shift loop read pointer by signed beat/subdivision while preserving click-free continuity,"F20,F25",not_measured,not_measured,not_measured,unrated,No qualified complete effect runtime; official parameter extraction unverified; Native/Web parity and deadline evidence absent
VINYL FLICK,not_implemented,not_implemented,Inertial platter speed model drives variable-rate resampler; friction and motor recovery,"F05,F09,F26",not_measured,not_measured,not_measured,unrated,No qualified complete effect runtime; official parameter extraction unverified; Native/Web parity and deadline evidence absent
