318F7E43E624439193B8090FC33EEFC29B50F718057AFEF8C3A2E749219D8315	shared/dsp/include/webrc/dsp/voice_fx.hpp
A986DF401507D0C2CDACF299BE51AD53D60DA5D0D108199E6367580DF178DDEF	shared/dsp/include/webrc/dsp/vocoder_fx.hpp
85EC1533939D8524019135DE1C4A13D18567A1C758E0A68AD5929B2E6542B784	shared/dsp/include/webrc/dsp/pitch.hpp
BD780750E77BDDA94BF6CB28A181E4A60EA5A40775555D7845FC8CDD21CBA697	shared/dsp/include/webrc/dsp/streaming_yin.hpp
E5362575061F18031CEFAA611D9B5794F8426634A3BC0B34699A396CE8B4A43C	shared/dsp/include/webrc/dsp/primitives.hpp
03F76865B9CFEDA60CD18CCE44D94DC43F9B099957D3477D11D01396FF8F9B40	shared/dsp/include/webrc/dsp/fft.hpp
53BBB6345B69B77B01384FB4309D69E21E9A0C6D4B29164D72BD78B2E86300EB	shared/dsp/include/webrc/dsp/control_dynamics.hpp
8EBA57DF21FA619BED8B0173959854E5919FD79FFAB550B503E04B25C39828E5	shared/dsp/src/voice_fx.cpp
F3A136CF88D680585DEF47528991922808AE58597C62DF4CFF6B1A2531745F66	shared/dsp/src/vocoder_fx.cpp
1652F7BEEB15410EFABAC97C9A5C0DD5D417026D799984FBC5C7BA0FA92B46E6	shared/dsp/src/pitch.cpp
09D75EA4C26F9DF826C97C839A091984959587470A9F4FD56ADCAA6757DE7A8F	shared/dsp/src/streaming_yin.cpp
7DD29804DEC3FF4EE668C8BB05C6AE21016A8D62D080D795694A186DE2AF31BC	shared/dsp/src/primitives.cpp
5F32FE928D85E1C94B8CD23C8A3337114BDEDAD8C06ED82164093E20A98E0F57	shared/dsp/src/fft.cpp
5315FFB62FD04F5E3A4F09803B5422B6BE4AB6F36DADD689CC2ED4CB48E12A8A	shared/dsp/src/control_dynamics.cpp
3CBEB6A9529C6AF1474B398C0A4711F1CA698322169BBBCCBE9C288AEE4FED35	shared/dsp/tests/voice_fx_tests.cpp
939D39E250FE2FCC625FA31ACAE9B337BF04CFBB4BD186918DD56B302C32741E	shared/dsp/tests/vocoder_fx_tests.cpp
